docker_cpu_core_0_norm_pct,docker_cpu_core_0_pct,docker_cpu_core_0_ticks,docker_cpu_core_10_norm_pct,docker_cpu_core_10_pct,docker_cpu_core_10_ticks,docker_cpu_core_11_norm_pct,docker_cpu_core_11_pct,docker_cpu_core_11_ticks,docker_cpu_core_12_norm_pct,docker_cpu_core_12_pct,docker_cpu_core_12_ticks,docker_cpu_core_13_norm_pct,docker_cpu_core_13_pct,docker_cpu_core_13_ticks,docker_cpu_core_14_norm_pct,docker_cpu_core_14_pct,docker_cpu_core_14_ticks,docker_cpu_core_15_norm_pct,docker_cpu_core_15_pct,docker_cpu_core_15_ticks,docker_cpu_core_16_norm_pct,docker_cpu_core_16_pct,docker_cpu_core_16_ticks,docker_cpu_core_17_norm_pct,docker_cpu_core_17_pct,docker_cpu_core_17_ticks,docker_cpu_core_18_norm_pct,docker_cpu_core_18_pct,docker_cpu_core_18_ticks,docker_cpu_core_19_norm_pct,docker_cpu_core_19_pct,docker_cpu_core_19_ticks,docker_cpu_core_1_norm_pct,docker_cpu_core_1_pct,docker_cpu_core_1_ticks,docker_cpu_core_20_norm_pct,docker_cpu_core_20_pct,docker_cpu_core_20_ticks,docker_cpu_core_21_norm_pct,docker_cpu_core_21_pct,docker_cpu_core_21_ticks,docker_cpu_core_22_norm_pct,docker_cpu_core_22_pct,docker_cpu_core_22_ticks,docker_cpu_core_23_norm_pct,docker_cpu_core_23_pct,docker_cpu_core_23_ticks,docker_cpu_core_2_norm_pct,docker_cpu_core_2_pct,docker_cpu_core_2_ticks,docker_cpu_core_3_norm_pct,docker_cpu_core_3_pct,docker_cpu_core_3_ticks,docker_cpu_core_4_norm_pct,docker_cpu_core_4_pct,docker_cpu_core_4_ticks,docker_cpu_core_5_norm_pct,docker_cpu_core_5_pct,docker_cpu_core_5_ticks,docker_cpu_core_6_norm_pct,docker_cpu_core_6_pct,docker_cpu_core_6_ticks,docker_cpu_core_7_norm_pct,docker_cpu_core_7_pct,docker_cpu_core_7_ticks,docker_cpu_core_8_norm_pct,docker_cpu_core_8_pct,docker_cpu_core_8_ticks,docker_cpu_core_9_norm_pct,docker_cpu_core_9_pct,docker_cpu_core_9_ticks,docker_cpu_kernel_norm_pct,docker_cpu_kernel_pct,docker_cpu_kernel_ticks,docker_cpu_system_norm_pct,docker_cpu_system_pct,docker_cpu_system_ticks,docker_cpu_total_norm_pct,docker_cpu_total_pct,docker_cpu_user_norm_pct,docker_cpu_user_pct,docker_cpu_user_ticks,docker_diskio_read_bytes,docker_diskio_read_ops,docker_diskio_read_queued,docker_diskio_read_rate,docker_diskio_read_service_time,docker_diskio_read_wait_time,docker_diskio_reads,docker_diskio_summary_bytes,docker_diskio_summary_ops,docker_diskio_summary_queued,docker_diskio_summary_rate,docker_diskio_summary_service_time,docker_diskio_summary_wait_time,docker_diskio_total,docker_diskio_write_bytes,docker_diskio_write_ops,docker_diskio_write_queued,docker_diskio_write_rate,docker_diskio_write_service_time,docker_diskio_write_wait_time,docker_diskio_writes,docker_memory_fail_count,docker_memory_limit,docker_memory_rss_pct,docker_memory_rss_total,docker_memory_stats_active_anon,docker_memory_stats_active_file,docker_memory_stats_cache,docker_memory_stats_dirty,docker_memory_stats_hierarchical_memory_limit,docker_memory_stats_hierarchical_memsw_limit,docker_memory_stats_inactive_anon,docker_memory_stats_inactive_file,docker_memory_stats_mapped_file,docker_memory_stats_pgfault,docker_memory_stats_pgmajfault,docker_memory_stats_pgpgin,docker_memory_stats_pgpgout,docker_memory_stats_rss,docker_memory_stats_rss_huge,docker_memory_stats_total_active_anon,docker_memory_stats_total_active_file,docker_memory_stats_total_cache,docker_memory_stats_total_dirty,docker_memory_stats_total_inactive_anon,docker_memory_stats_total_inactive_file,docker_memory_stats_total_mapped_file,docker_memory_stats_total_pgfault,docker_memory_stats_total_pgmajfault,docker_memory_stats_total_pgpgin,docker_memory_stats_total_pgpgout,docker_memory_stats_total_rss,docker_memory_stats_total_rss_huge,docker_memory_stats_total_unevictable,docker_memory_stats_total_writeback,docker_memory_stats_unevictable,docker_memory_stats_writeback,docker_memory_usage_max,docker_memory_usage_pct,docker_memory_usage_total,docker_network_in_bytes,docker_network_in_dropped,docker_network_in_errors,docker_network_in_packets,docker_network_inbound_bytes,docker_network_inbound_dropped,docker_network_inbound_errors,docker_network_inbound_packets,docker_network_out_bytes,docker_network_out_dropped,docker_network_out_errors,docker_network_out_packets,docker_network_outbound_bytes,docker_network_outbound_dropped,docker_network_outbound_errors,docker_network_outbound_packets,timestamp
8.32287841191067e-05,0.0003329151364764268,124794539304.0,0.0,0.0,0.0,0.0,0.0,0.0,0.0,0.0,0.0,0.0,0.0,0.0,0.0,0.0,0.0,0.0,0.0,0.0,0.0,0.0,0.0,0.0,0.0,0.0,0.0,0.0,0.0,0.0,0.0,0.0,0.0,0.0,180711059623.0,0.0,0.0,0.0,0.0,0.0,0.0,0.0,0.0,0.0,0.0,0.0,0.0,0.0,0.0,2098226.0,0.0,0.0,8233196.0,0.0,0.0,0.0,0.0,0.0,0.0,0.0,0.0,0.0,0.0,0.0,0.0,0.0,0.0,0.0,0.0,0.0,0.0,0.0024813895781637717,0.009925558312655087,21350000000.0,1.0,4.0,379565650000000.0,8.32287841191067e-05,0.0003329151364764268,0.0,0.0,280400000000.0,19980288.0,1389.0,0.0,0.0,4435549009.0,8283903921.0,0.0,35131392.0,5088.0,0.0,0.0,4861198238.0,51743628053.0,0.0,15151104.0,3699.0,0.0,0.0,425649229.0,43459724132.0,0.0,0.0,4123058176.0,0.28490591154831185,1174683648.0,723738624.0,3874816.0,10637312.0,0.0,4294967296.0,0.0,450854912.0,6901760.0,5677056.0,741576.0,792.0,740223.0,458005.0,1174683648.0,29360128.0,723738624.0,3874816.0,10637312.0,0.0,450854912.0,6901760.0,5677056.0,741576.0,792.0,740223.0,458005.0,1174683648.0,29360128.0,0.0,0.0,0.0,0.0,2339995648.0,0.28938631400965226,1193156608.0,1679.8930949086289,0.0,0.0,10.799527029313989,22964811.0,0.0,0.0,150926.0,1307.3427442708432,0.0,0.0,11.86614698282648,18232906.0,0.0,0.0,169455.0,1625104811
0.00074201625,0.002968065,125560097083.0,0.0,0.0,0.0,0.0,0.0,0.0,0.0,0.0,0.0,0.0,0.0,0.0,0.0,0.0,0.0,0.0,0.0,0.0,0.0,0.0,0.0,0.0,0.0,0.0,0.0,0.0,0.0,0.0,0.0,0.0,0.0018218765,0.007287506,181853633399.0,0.0,0.0,0.0,0.0,0.0,0.0,0.0,0.0,0.0,0.0,0.0,0.0,0.0,0.0,2098226.0,0.0,0.0,8233196.0,0.0,0.0,0.0,0.0,0.0,0.0,0.0,0.0,0.0,0.0,0.0,0.0,0.0,0.0,0.0,0.0,0.0,0.0,0.0,0.0,21440000000.0,1.0,4.0,379805060000000.0,0.00256389275,0.010255571,0.0025,0.01,282190000000.0,19980288.0,1389.0,0.0,0.0,4435549009.0,8283903921.0,0.0,35131392.0,5088.0,0.0,0.0,4861198238.0,51743628053.0,0.0,15151104.0,3699.0,0.0,0.0,425649229.0,43459724132.0,0.0,0.0,4123058176.0,0.28490591154831185,1174683648.0,723738624.0,3874816.0,10637312.0,0.0,4294967296.0,0.0,450854912.0,6955008.0,5677056.0,741642.0,792.0,740322.0,458106.0,1174683648.0,29360128.0,723738624.0,3874816.0,10637312.0,0.0,450854912.0,6955008.0,5677056.0,741642.0,792.0,740322.0,458106.0,1174683648.0,29360128.0,0.0,0.0,0.0,0.0,2339995648.0,0.2894032024446506,1193226240.0,2286.468451536793,0.0,0.0,15.128052070851727,23114352.0,0.0,0.0,151904.0,1789.4419654380606,0.0,0.0,16.527563495908495,18349496.0,0.0,0.0,170523.0,1625104871
0.0,0.0,126188198574.0,0.0,0.0,0.0,0.0,0.0,0.0,0.0,0.0,0.0,0.0,0.0,0.0,0.0,0.0,0.0,0.0,0.0,0.0,0.0,0.0,0.0,0.0,0.0,0.0,0.0,0.0,0.0,0.0,0.0,0.0,7.995845771144279e-05,0.00031983383084577114,183051016265.0,0.0,0.0,0.0,0.0,0.0,0.0,0.0,0.0,0.0,0.0,0.0,0.0,0.0,0.0,2098226.0,0.0,0.0,8233196.0,0.0,0.0,0.0,0.0,0.0,0.0,0.0,0.0,0.0,0.0,0.0,0.0,0.0,0.0,0.0,0.0,0.0,0.0,0.0,0.0,21560000000.0,1.0,4.0,380044550000000.0,7.995845771144279e-05,0.00031983383084577114,0.0,0.0,283880000000.0,19980288.0,1389.0,0.0,0.0,4435549009.0,8283903921.0,0.0,35131392.0,5088.0,0.0,0.0,4861198238.0,51743628053.0,0.0,15151104.0,3699.0,0.0,0.0,425649229.0,43459724132.0,0.0,0.0,4123058176.0,0.28490591154831185,1174683648.0,723738624.0,3874816.0,10772480.0,0.0,4294967296.0,0.0,450854912.0,7012352.0,5677056.0,741741.0,792.0,740421.0,458208.0,1174683648.0,29360128.0,723738624.0,3874816.0,10772480.0,0.0,450854912.0,7012352.0,5677056.0,741741.0,792.0,740421.0,458208.0,1174683648.0,29360128.0,0.0,0.0,0.0,0.0,2339995648.0,0.2894171105675905,1193283584.0,2519.517489099077,0.0,0.0,15.96814134000702,23251851.0,0.0,0.0,152787.0,1953.4244611187853,0.0,0.0,17.554608946141627,18456416.0,0.0,0.0,171492.0,1625104931
8.187875e-05,0.000327515,126852927240.0,0.0,0.0,0.0,0.0,0.0,0.0,0.0,0.0,0.0,0.0,0.0,0.0,0.0,0.0,0.0,0.0,0.0,0.0,0.0,0.0,0.0,0.0,0.0,0.0,0.0,0.0,0.0,0.0,0.0,0.0,0.0,0.0,184222223459.0,0.0,0.0,0.0,0.0,0.0,0.0,0.0,0.0,0.0,0.0,0.0,0.0,0.0,0.0,2098226.0,0.0,0.0,8233196.0,0.0,0.0,0.0,0.0,0.0,0.0,0.0,0.0,0.0,0.0,0.0,0.0,0.0,0.0,0.0,0.0,0.0,0.0,0.0,0.0,21720000000.0,1.0,4.0,380284030000000.0,8.187875e-05,0.000327515,0.0,0.0,285500000000.0,19980288.0,1389.0,0.0,0.0,4435549009.0,8283903921.0,0.0,35131392.0,5088.0,0.0,0.0,4861198238.0,51743628053.0,0.0,15151104.0,3699.0,0.0,0.0,425649229.0,43459724132.0,0.0,0.0,4123058176.0,0.28490591154831185,1174683648.0,723738624.0,3874816.0,10907648.0,0.0,4294967296.0,0.0,450854912.0,7069696.0,5677056.0,741807.0,792.0,740520.0,458276.0,1174683648.0,29360128.0,723738624.0,3874816.0,10907648.0,0.0,450854912.0,7069696.0,5677056.0,741807.0,792.0,740520.0,458276.0,1174683648.0,29360128.0,0.0,0.0,0.0,0.0,2339995648.0,0.28943101869053034,1193340928.0,1947.8921707133234,0.0,0.0,12.48825739937346,23393612.0,0.0,0.0,153710.0,1501.5232135572644,0.0,0.0,13.592191755119181,18566581.0,0.0,0.0,172499.0,1625104991
6.62995e-05,0.000265198,127540678028.0,0.0,0.0,0.0,0.0,0.0,0.0,0.0,0.0,0.0,0.0,0.0,0.0,0.0,0.0,0.0,0.0,0.0,0.0,0.0,0.0,0.0,0.0,0.0,0.0,0.0,0.0,0.0,0.0,0.0,0.0,1.66275e-05,6.651e-05,185281674950.0,0.0,0.0,0.0,0.0,0.0,0.0,0.0,0.0,0.0,0.0,0.0,0.0,0.0,0.0,2098226.0,0.0,0.0,8233196.0,0.0,0.0,0.0,0.0,0.0,0.0,0.0,0.0,0.0,0.0,0.0,0.0,0.0,0.0,0.0,0.0,0.0,0.0,0.0,0.0,21840000000.0,1.0,4.0,380519460000000.0,8.2927e-05,0.000331708,0.0,0.0,287160000000.0,19980288.0,1389.0,0.0,0.0,4435549009.0,8283903921.0,0.0,35131392.0,5088.0,0.0,0.0,4861198238.0,51743628053.0,0.0,15151104.0,3699.0,0.0,0.0,425649229.0,43459724132.0,0.0,0.0,4123058176.0,0.28490591154831185,1174683648.0,723742720.0,3874816.0,10907648.0,0.0,4294967296.0,0.0,450854912.0,7122944.0,5677056.0,741906.0,792.0,740619.0,458344.0,1174683648.0,29360128.0,723742720.0,3874816.0,10907648.0,0.0,450854912.0,7122944.0,5677056.0,741906.0,792.0,740619.0,458344.0,1174683648.0,29360128.0,0.0,0.0,0.0,0.0,2339995648.0,0.2894409530640588,1193381888.0,1957.1473865374087,0.0,0.0,12.642570949882412,23528076.0,0.0,0.0,154576.0,1528.5255295885893,0.0,0.0,13.932629210074492,18671209.0,0.0,0.0,173449.0,1625105051
6.50605459057072e-05,0.0002602421836228288,128040242148.0,0.0,0.0,0.0,0.0,0.0,0.0,0.0,0.0,0.0,0.0,0.0,0.0,0.0,0.0,0.0,0.0,0.0,0.0,0.0,0.0,0.0,0.0,0.0,0.0,0.0,0.0,0.0,0.0,0.0,0.0,1.7685111662531022e-05,7.074044665012409e-05,186005684958.0,0.0,0.0,0.0,0.0,0.0,0.0,0.0,0.0,0.0,0.0,0.0,0.0,0.0,0.0,2098226.0,0.0,0.0,8233196.0,0.0,0.0,0.0,0.0,0.0,0.0,0.0,0.0,0.0,0.0,0.0,0.0,0.0,0.0,0.0,0.0,0.0,0.0,0.0,0.0,21920000000.0,1.0,4.0,380763010000000.0,8.274565756823822e-05,0.00033098263027295287,0.0,0.0,288260000000.0,19980288.0,1389.0,0.0,0.0,4435549009.0,8283903921.0,0.0,35131392.0,5088.0,0.0,0.0,4861198238.0,51743628053.0,0.0,15151104.0,3699.0,0.0,0.0,425649229.0,43459724132.0,0.0,0.0,4123058176.0,0.28490591154831185,1174683648.0,723742720.0,3874816.0,10907648.0,0.0,4294967296.0,0.0,450854912.0,7155712.0,5677056.0,741972.0,792.0,740685.0,458412.0,1174683648.0,29360128.0,723742720.0,3874816.0,10907648.0,0.0,450854912.0,7155712.0,5677056.0,741972.0,792.0,740685.0,458412.0,1174683648.0,29360128.0,0.0,0.0,0.0,0.0,2339995648.0,0.2894489005628816,1193414656.0,1781.4781890542615,0.0,0.0,11.36801643900414,23636138.0,0.0,0.0,155276.0,1386.6979818088446,0.0,0.0,12.534821645353535,18755453.0,0.0,0.0,174217.0,1625105111
1.7270573566084787e-05,6.908229426433915e-05,128538330818.0,0.0,0.0,0.0,0.0,0.0,0.0,0.0,0.0,0.0,0.0,0.0,0.0,0.0,0.0,0.0,0.0,0.0,0.0,0.0,0.0,0.0,0.0,0.0,0.0,0.0,0.0,0.0,0.0,0.0,0.0,6.428778054862843e-05,0.00025715112219451374,187150267423.0,0.0,0.0,0.0,0.0,0.0,0.0,0.0,0.0,0.0,0.0,0.0,0.0,0.0,0.0,2098226.0,0.0,0.0,8233196.0,0.0,0.0,0.0,0.0,0.0,0.0,0.0,0.0,0.0,0.0,0.0,0.0,0.0,0.0,0.0,0.0,0.0,0.0,0.0,0.0,22000000000.0,1.0,4.0,381002500000000.0,8.155835411471321e-05,0.00032623341645885286,0.0,0.0,289800000000.0,19980288.0,1389.0,0.0,0.0,4435549009.0,8283903921.0,0.0,35131392.0,5088.0,0.0,0.0,4861198238.0,51743628053.0,0.0,15151104.0,3699.0,0.0,0.0,425649229.0,43459724132.0,0.0,0.0,4123058176.0,0.28490591154831185,1174683648.0,723742720.0,3874816.0,10907648.0,0.0,4294967296.0,0.0,450854912.0,7208960.0,5677056.0,742038.0,792.0,740784.0,458480.0,1174683648.0,29360128.0,723742720.0,3874816.0,10907648.0,0.0,450854912.0,7208960.0,5677056.0,742038.0,792.0,740784.0,458480.0,1174683648.0,29360128.0,0.0,0.0,0.0,0.0,2339995648.0,0.28946578899788,1193484288.0,2186.897775231641,0.0,0.0,14.29954953702044,23757335.0,0.0,0.0,156058.0,1711.6127476130528,0.0,0.0,15.59950858584048,18849693.0,0.0,0.0,175073.0,1625105171
7.43905e-05,0.000297562,129029320327.0,0.0,0.0,0.0,0.0,0.0,0.0,0.0,0.0,0.0,0.0,0.0,0.0,0.0,0.0,0.0,0.0,0.0,0.0,0.0,0.0,0.0,0.0,0.0,0.0,0.0,0.0,0.0,0.0,0.0,0.0,0.0,0.0,187925357350.0,0.0,0.0,0.0,0.0,0.0,0.0,0.0,0.0,0.0,0.0,0.0,0.0,0.0,0.0,2098226.0,0.0,0.0,8233196.0,0.0,0.0,0.0,0.0,0.0,0.0,0.0,0.0,0.0,0.0,0.0,0.0,0.0,0.0,0.0,0.0,0.0,0.0,0.0,0.0,22080000000.0,1.0,4.0,381241930000000.0,7.43905e-05,0.000297562,0.0,0.0,290990000000.0,19980288.0,1389.0,0.0,0.0,4435549009.0,8283903921.0,0.0,35131392.0,5088.0,0.0,0.0,4861198238.0,51743628053.0,0.0,15151104.0,3699.0,0.0,0.0,425649229.0,43459724132.0,0.0,0.0,4123058176.0,0.28490591154831185,1174683648.0,723763200.0,3874816.0,10907648.0,0.0,4294967296.0,0.0,450854912.0,7245824.0,5677056.0,742104.0,792.0,740850.0,458513.0,1174683648.0,29360128.0,723763200.0,3874816.0,10907648.0,0.0,450854912.0,7245824.0,5677056.0,742104.0,792.0,740850.0,458513.0,1174683648.0,29360128.0,0.0,0.0,0.0,0.0,2339995648.0,0.2894757233714085,1193525248.0,1615.2346221277164,0.0,0.0,10.31404489089562,23848105.0,0.0,0.0,156642.0,1258.3824669560945,0.0,0.0,11.383394026740985,18920519.0,0.0,0.0,175717.0,1625105231
0.0031574067331670824,0.01262962693266833,129716054037.0,0.0,0.0,0.0,0.0,0.0,0.0,0.0,0.0,0.0,0.0,0.0,0.0,0.0,0.0,0.0,0.0,0.0,0.0,0.0,0.0,0.0,0.0,0.0,0.0,0.0,0.0,0.0,0.0,0.0,0.0,0.00814947506234414,0.03259790024937656,188814954223.0,0.0,0.0,0.0,0.0,0.0,0.0,0.0,0.0,0.0,0.0,0.0,0.0,0.0,0.0,2098226.0,0.0,0.0,8233196.0,0.0,0.0,0.0,0.0,0.0,0.0,0.0,0.0,0.0,0.0,0.0,0.0,0.0,0.0,0.0,0.0,0.0,0.0,0.0,0.0,22180000000.0,1.0,4.0,381477310000000.0,0.011306881795511222,0.04522752718204489,0.00997506234413965,0.0399002493765586,292420000000.0,19980288.0,1389.0,0.0,0.0,4435549009.0,8283903921.0,0.0,35131392.0,5088.0,0.0,0.0,4861198238.0,51743628053.0,0.0,15151104.0,3699.0,0.0,0.0,425649229.0,43459724132.0,0.0,0.0,4123058176.0,0.28490591154831185,1174683648.0,723771392.0,3874816.0,11042816.0,0.0,4294967296.0,0.0,450854912.0,7294976.0,5677056.0,742203.0,792.0,740949.0,458614.0,1174683648.0,29360128.0,723771392.0,3874816.0,11042816.0,0.0,450854912.0,7294976.0,5677056.0,742203.0,792.0,740949.0,458614.0,1174683648.0,29360128.0,0.0,0.0,0.0,0.0,2339995648.0,0.28952340836434515,1193721856.0,2181.001074537225,0.0,0.0,14.364697857937072,23977058.0,0.0,0.0,157483.0,1705.3329357240516,0.0,0.0,15.664519705871053,19021143.0,0.0,0.0,176638.0,1625105291
0.008723499751861041,0.034893999007444165,130305326346.0,0.0,0.0,0.0,0.0,0.0,0.0,0.0,0.0,0.0,0.0,0.0,0.0,0.0,0.0,0.0,0.0,0.0,0.0,0.0,0.0,0.0,0.0,0.0,0.0,0.0,0.0,0.0,0.0,0.0,0.0,0.0017780602977667491,0.0071122411910669965,189694951835.0,0.0,0.0,0.0,0.0,0.0,0.0,0.0,0.0,0.0,0.0,0.0,0.0,0.0,0.0,2098226.0,0.0,0.0,8233196.0,0.0,0.0,0.0,0.0,0.0,0.0,0.0,0.0,0.0,0.0,0.0,0.0,0.0,0.0,0.0,0.0,0.0,0.0,0.0,0.0,22260000000.0,1.0,4.0,381720710000000.0,0.010501560049627792,0.042006240198511166,0.009925558312655087,0.03970223325062035,293820000000.0,19980288.0,1389.0,0.0,0.0,4435549009.0,8283903921.0,0.0,35131392.0,5088.0,0.0,0.0,4861198238.0,51743628053.0,0.0,15151104.0,3699.0,0.0,0.0,425649229.0,43459724132.0,0.0,0.0,4123058176.0,0.2849386949809558,1174818816.0,723771392.0,3874816.0,11042816.0,135168.0,4294967296.0,0.0,450854912.0,7340032.0,5677056.0,742236.0,792.0,741015.0,458682.0,1174818816.0,29360128.0,723771392.0,3874816.0,11042816.0,135168.0,450854912.0,7340032.0,5677056.0,742236.0,792.0,741015.0,458682.0,1174818816.0,29360128.0,0.0,0.0,0.0,0.0,2339995648.0,0.2895005593052297,1193627648.0,1972.6927207788285,0.0,0.0,12.832765447752454,24091525.0,0.0,0.0,158225.0,1532.4460738857724,0.0,0.0,14.040149293643145,19110250.0,0.0,0.0,177452.0,1625105351
0.0034676464197530865,0.013870585679012346,131188780132.0,0.0,0.0,0.0,0.0,0.0,0.0,0.0,0.0,0.0,0.0,0.0,0.0,0.0,0.0,0.0,0.0,0.0,0.0,0.0,0.0,0.0,0.0,0.0,0.0,0.0,0.0,0.0,0.0,0.0,0.0,0.007691488888888888,0.03076595555555556,190736531789.0,0.0,0.0,0.0,0.0,0.0,0.0,0.0,0.0,0.0,0.0,0.0,0.0,0.0,0.0,2098226.0,0.0,0.0,8514847.0,0.0,0.0,0.0,0.0,0.0,0.0,0.0,0.0,0.0,0.0,0.0,0.0,0.0,0.0,0.0,0.0,0.0,0.0,0.0,0.0,22330000000.0,1.0,4.0,381960200000000.0,0.011159135308641977,0.0446365412345679,0.007407407407407408,0.02962962962962963,295620000000.0,19980288.0,1389.0,0.0,0.0,4435549009.0,8283903921.0,0.0,35131392.0,5088.0,0.0,0.0,4861198238.0,51743628053.0,0.0,15151104.0,3699.0,0.0,0.0,425649229.0,43459724132.0,0.0,0.0,4123058176.0,0.2849386949809558,1174818816.0,723771392.0,3874816.0,11177984.0,135168.0,4294967296.0,0.0,450854912.0,7397376.0,5677056.0,742335.0,792.0,741114.0,458784.0,1174818816.0,29360128.0,723771392.0,3874816.0,11177984.0,135168.0,450854912.0,7397376.0,5677056.0,742335.0,792.0,741114.0,458784.0,1174818816.0,29360128.0,0.0,0.0,0.0,0.0,2339995648.0,0.2895184411775809,1193701376.0,2841.147290425565,0.0,0.0,18.514776511708114,24240119.0,0.0,0.0,159189.0,2210.741729197649,0.0,0.0,20.19207333855275,19225618.0,0.0,0.0,178502.0,1625105411
8.527524999999999e-05,0.000341101,131843896446.0,0.0,0.0,0.0,0.0,0.0,0.0,0.0,0.0,0.0,0.0,0.0,0.0,0.0,0.0,0.0,0.0,0.0,0.0,0.0,0.0,0.0,0.0,0.0,0.0,0.0,0.0,0.0,0.0,0.0,0.0,1.258225e-05,5.0329e-05,191780422472.0,0.0,0.0,0.0,0.0,0.0,0.0,0.0,0.0,0.0,0.0,0.0,0.0,0.0,0.0,2098226.0,0.0,0.0,8514847.0,0.0,0.0,0.0,0.0,0.0,0.0,0.0,0.0,0.0,0.0,0.0,0.0,0.0,0.0,0.0,0.0,0.0,0.0,0.0,0.0,22390000000.0,1.0,4.0,382199650000000.0,9.78575e-05,0.00039143,0.0,0.0,297220000000.0,19980288.0,1389.0,0.0,0.0,4435549009.0,8283903921.0,0.0,35131392.0,5088.0,0.0,0.0,4861198238.0,51743628053.0,0.0,15151104.0,3699.0,0.0,0.0,425649229.0,43459724132.0,0.0,0.0,4123058176.0,0.2849386949809558,1174818816.0,723771392.0,3874816.0,11177984.0,0.0,4294967296.0,0.0,450854912.0,7446528.0,5677056.0,742401.0,792.0,741213.0,458852.0,1174818816.0,29360128.0,723771392.0,3874816.0,11177984.0,0.0,450854912.0,7446528.0,5677056.0,742401.0,792.0,741213.0,458852.0,1174818816.0,29360128.0,0.0,0.0,0.0,0.0,2339995648.0,0.2895263886764037,1193734144.0,1807.8390275950635,0.0,0.0,11.768222629288509,24362043.0,0.0,0.0,159982.0,1410.5865039389664,0.0,0.0,12.901705828710066,19320712.0,0.0,0.0,179371.0,1625105471
6.847905236907729e-05,0.00027391620947630915,132442306553.0,0.0,0.0,0.0,0.0,0.0,0.0,0.0,0.0,0.0,0.0,0.0,0.0,0.0,0.0,0.0,0.0,0.0,0.0,0.0,0.0,0.0,0.0,0.0,0.0,0.0,0.0,0.0,0.0,0.0,0.0,1.619027431421447e-05,6.476109725685785e-05,192682069426.0,0.0,0.0,0.0,0.0,0.0,0.0,0.0,0.0,0.0,0.0,0.0,0.0,0.0,0.0,2098226.0,0.0,0.0,8514847.0,0.0,0.0,0.0,0.0,0.0,0.0,0.0,0.0,0.0,0.0,0.0,0.0,0.0,0.0,0.0,0.0,0.0,0.0,0.0,0.0,22480000000.0,1.0,4.0,382439150000000.0,8.466932668329177e-05,0.00033867730673316714,0.0,0.0,298610000000.0,19980288.0,1389.0,0.0,0.0,4435549009.0,8283903921.0,0.0,35131392.0,5088.0,0.0,0.0,4861198238.0,51743628053.0,0.0,15151104.0,3699.0,0.0,0.0,425649229.0,43459724132.0,0.0,0.0,4123058176.0,0.2849386949809558,1174818816.0,723771392.0,3874816.0,11313152.0,0.0,4294967296.0,0.0,450854912.0,7491584.0,5677056.0,742467.0,792.0,741279.0,458920.0,1174818816.0,29360128.0,723771392.0,3874816.0,11313152.0,0.0,450854912.0,7491584.0,5677056.0,742467.0,792.0,741279.0,458920.0,1174818816.0,29360128.0,0.0,0.0,0.0,0.0,2339995648.0,0.289537316487285,1193779200.0,2027.3831714134296,0.0,0.0,13.166340902426793,24489686.0,0.0,0.0,160804.0,1578.6942729638931,0.0,0.0,14.399643721135122,19419864.0,0.0,0.0,180270.0,1625105531
4.960725000000001e-05,0.000198429,133236341754.0,0.0,0.0,0.0,0.0,0.0,0.0,0.0,0.0,0.0,0.0,0.0,0.0,0.0,0.0,0.0,0.0,0.0,0.0,0.0,0.0,0.0,0.0,0.0,0.0,0.0,0.0,0.0,0.0,0.0,0.0,3.383875e-05,0.000135355,194014359822.0,0.0,0.0,0.0,0.0,0.0,0.0,0.0,0.0,0.0,0.0,0.0,0.0,0.0,0.0,2098226.0,0.0,0.0,8514847.0,0.0,0.0,0.0,0.0,0.0,0.0,0.0,0.0,0.0,0.0,0.0,0.0,0.0,0.0,0.0,0.0,0.0,0.0,0.0,0.0,22600000000.0,1.0,4.0,382678660000000.0,8.3446e-05,0.000333784,0.0,0.0,300600000000.0,19980288.0,1389.0,0.0,0.0,4435549009.0,8283903921.0,0.0,35131392.0,5088.0,0.0,0.0,4861198238.0,51743628053.0,0.0,15151104.0,3699.0,0.0,0.0,425649229.0,43459724132.0,0.0,0.0,4123058176.0,0.2849386949809558,1174818816.0,723775488.0,3874816.0,11313152.0,135168.0,4294967296.0,0.0,450854912.0,7557120.0,5677056.0,742566.0,792.0,741411.0,459022.0,1174818816.0,29360128.0,723775488.0,3874816.0,11313152.0,135168.0,450854912.0,7557120.0,5677056.0,742566.0,792.0,741411.0,459022.0,1174818816.0,29360128.0,0.0,0.0,0.0,0.0,2339995648.0,0.2895581786716948,1193865216.0,2833.092612964141,0.0,0.0,18.535029626499533,24662953.0,0.0,0.0,161937.0,2197.5344478036855,0.0,0.0,20.068503300634386,19554526.0,0.0,0.0,181501.0,1625105591
0.0011047176616915423,0.0044188706467661685,133807027473.0,0.0,0.0,0.0,0.0,0.0,0.0,0.0,0.0,0.0,0.0,0.0,0.0,0.0,0.0,0.0,0.0,0.0,0.0,0.0,0.0,0.0,0.0,0.0,0.0,0.0,0.0,0.0,0.0,0.0,0.0,0.009414271144278608,0.037657084577114426,195046223912.0,0.0,0.0,0.0,0.0,0.0,0.0,0.0,0.0,0.0,0.0,0.0,0.0,0.0,0.0,2098226.0,0.0,0.0,8514847.0,0.0,0.0,0.0,0.0,0.0,0.0,0.0,0.0,0.0,0.0,0.0,0.0,0.0,0.0,0.0,0.0,0.0,0.0,0.0,0.0,22680000000.0,1.0,4.0,382918060000000.0,0.01051898880597015,0.0420759552238806,0.009950248756218905,0.03980099502487562,302060000000.0,19980288.0,1389.0,0.0,0.0,4435549009.0,8283903921.0,0.0,35131392.0,5088.0,0.0,0.0,4861198238.0,51743628053.0,0.0,15151104.0,3699.0,0.0,0.0,425649229.0,43459724132.0,0.0,0.0,4123058176.0,0.2849386949809558,1174818816.0,723775488.0,3874816.0,11313152.0,135168.0,4294967296.0,0.0,450854912.0,7606272.0,5677056.0,742632.0,792.0,741510.0,459090.0,1174818816.0,29360128.0,723775488.0,3874816.0,11313152.0,135168.0,450854912.0,7606272.0,5677056.0,742632.0,792.0,741510.0,459090.0,1174818816.0,29360128.0,0.0,0.0,0.0,0.0,2339995648.0,0.2895661261705176,1193897984.0,2553.718007846391,0.0,0.0,16.265719795199946,24776652.0,0.0,0.0,162668.0,1973.4184553168195,0.0,0.0,17.732301088209773,19642821.0,0.0,0.0,182303.0,1625105651
0.011379245477386935,0.04551698190954774,134610065723.0,0.0,0.0,0.0,0.0,0.0,0.0,0.0,0.0,0.0,0.0,0.0,0.0,0.0,0.0,0.0,0.0,0.0,0.0,0.0,0.0,0.0,0.0,0.0,0.0,0.0,0.0,0.0,0.0,0.0,0.0,0.008072570351758793,0.032290281407035167,196077391994.0,0.0,0.0,0.0,0.0,0.0,0.0,0.0,0.0,0.0,0.0,0.0,0.0,0.0,0.0,2098226.0,0.0,0.0,8514847.0,0.0,0.0,0.0,0.0,0.0,0.0,0.0,0.0,0.0,0.0,0.0,0.0,0.0,0.0,0.0,0.0,0.0,0.0,0.0,0.0,22810000000.0,1.0,4.0,383157400000000.0,0.01945181582914573,0.07780726331658291,0.02010050251256281,0.08040201005025126,303750000000.0,19980288.0,1389.0,0.0,0.0,4435549009.0,8283903921.0,0.0,35131392.0,5088.0,0.0,0.0,4861198238.0,51743628053.0,0.0,15151104.0,3699.0,0.0,0.0,425649229.0,43459724132.0,0.0,0.0,4123058176.0,0.2849386949809558,1174818816.0,723775488.0,3874816.0,11313152.0,135168.0,4294967296.0,0.0,450854912.0,7663616.0,5677056.0,742731.0,792.0,741609.0,459192.0,1174818816.0,29360128.0,723775488.0,3874816.0,11313152.0,135168.0,450854912.0,7663616.0,5677056.0,742731.0,792.0,741609.0,459192.0,1174818816.0,29360128.0,0.0,0.0,0.0,0.0,2339995648.0,0.2896157980381599,1194102784.0,2210.0411379383845,0.0,0.0,14.261124535070614,24914562.0,0.0,0.0,163562.0,1717.0993707144721,0.0,0.0,15.59393991218002,19749808.0,0.0,0.0,183278.0,1625105711
0.0013845697044334974,0.0055382788177339905,135085038421.0,0.0,0.0,0.0,0.0,0.0,0.0,0.0,0.0,0.0,0.0,0.0,0.0,0.0,0.0,0.0,0.0,0.0,0.0,0.0,0.0,0.0,0.0,0.0,0.0,0.0,0.0,0.0,0.0,0.0,0.0,0.009305627586206896,0.037222510344827583,197194404128.0,0.0,0.0,0.0,0.0,0.0,0.0,0.0,0.0,0.0,0.0,0.0,0.0,0.0,0.0,2098226.0,0.0,0.0,8514847.0,0.0,0.0,0.0,0.0,0.0,0.0,0.0,0.0,0.0,0.0,0.0,0.0,0.0,0.0,0.0,0.0,0.0,0.0,0.0,0.0,22930000000.0,1.0,4.0,383397040000000.0,0.010690197290640394,0.042760789162561576,0.012315270935960592,0.04926108374384237,305210000000.0,19980288.0,1389.0,0.0,0.0,4435549009.0,8283903921.0,0.0,35131392.0,5088.0,0.0,0.0,4861198238.0,51743628053.0,0.0,15151104.0,3699.0,0.0,0.0,425649229.0,43459724132.0,0.0,0.0,4123058176.0,0.2849386949809558,1174818816.0,723775488.0,3874816.0,11448320.0,135168.0,4294967296.0,0.0,450854912.0,7712768.0,5677056.0,742797.0,792.0,741675.0,459259.0,1174818816.0,29360128.0,723775488.0,3874816.0,11448320.0,135168.0,450854912.0,7712768.0,5677056.0,742797.0,792.0,741675.0,459259.0,1174818816.0,29360128.0,0.0,0.0,0.0,0.0,2339995648.0,0.2895919555416916,1194004480.0,2605.463138939211,0.0,0.0,16.973925985594626,25042246.0,0.0,0.0,164384.0,2040.9076006703688,0.0,0.0,18.595418915112813,19849180.0,0.0,0.0,184180.0,1625105771
0.00204557525,0.008182301,135498040536.0,0.0,0.0,0.0,0.0,0.0,0.0,0.0,0.0,0.0,0.0,0.0,0.0,0.0,0.0,0.0,0.0,0.0,0.0,0.0,0.0,0.0,0.0,0.0,0.0,0.0,0.0,0.0,0.0,0.0,0.0,0.00875897725,0.035035909,198507668806.0,0.0,0.0,0.0,0.0,0.0,0.0,0.0,0.0,0.0,0.0,0.0,0.0,0.0,0.0,2098226.0,0.0,0.0,8514847.0,0.0,0.0,0.0,0.0,0.0,0.0,0.0,0.0,0.0,0.0,0.0,0.0,0.0,0.0,0.0,0.0,0.0,0.0,0.0,0.0,23040000000.0,1.0,4.0,383632450000000.0,0.0108045525,0.04321821,0.0075,0.03,306770000000.0,19980288.0,1389.0,0.0,0.0,4435549009.0,8283903921.0,0.0,35131392.0,5088.0,0.0,0.0,4861198238.0,51743628053.0,0.0,15151104.0,3699.0,0.0,0.0,425649229.0,43459724132.0,0.0,0.0,4123058176.0,0.2849386949809558,1174818816.0,723775488.0,3874816.0,11448320.0,270336.0,4294967296.0,0.0,450854912.0,7761920.0,5677056.0,742863.0,792.0,741774.0,459327.0,1174818816.0,29360128.0,723775488.0,3874816.0,11448320.0,270336.0,450854912.0,7761920.0,5677056.0,742863.0,792.0,741774.0,459327.0,1174818816.0,29360128.0,0.0,0.0,0.0,0.0,2339995648.0,0.2896058636646314,1194061824.0,2088.570130850252,0.0,0.0,13.708549761569044,25170060.0,0.0,0.0,165208.0,1625.4146813764407,0.0,0.0,14.901999976105644,19948476.0,0.0,0.0,185081.0,1625105831
1.443075e-05,5.7723e-05,136301467023.0,0.0,0.0,0.0,0.0,0.0,0.0,0.0,0.0,0.0,0.0,0.0,0.0,0.0,0.0,0.0,0.0,0.0,0.0,0.0,0.0,0.0,0.0,0.0,0.0,0.0,0.0,0.0,0.0,0.0,0.0,6.882175e-05,0.000275287,199222273848.0,0.0,0.0,0.0,0.0,0.0,0.0,0.0,0.0,0.0,0.0,0.0,0.0,0.0,0.0,2098226.0,0.0,0.0,8910667.0,0.0,0.0,0.0,0.0,0.0,0.0,0.0,0.0,0.0,0.0,0.0,0.0,0.0,0.0,0.0,0.0,0.0,0.0,0.0,0.0,23180000000.0,1.0,4.0,383872100000000.0,8.32525e-05,0.00033301,0.0,0.0,308180000000.0,19980288.0,1389.0,0.0,0.0,4435549009.0,8283903921.0,0.0,35131392.0,5088.0,0.0,0.0,4861198238.0,51743628053.0,0.0,15151104.0,3699.0,0.0,0.0,425649229.0,43459724132.0,0.0,0.0,4123058176.0,0.2849386949809558,1174818816.0,723775488.0,3874816.0,11583488.0,135168.0,4294967296.0,0.0,450854912.0,7811072.0,5677056.0,742962.0,792.0,741840.0,459360.0,1174818816.0,29360128.0,723775488.0,3874816.0,11583488.0,135168.0,450854912.0,7811072.0,5677056.0,742962.0,792.0,741840.0,459360.0,1174818816.0,29360128.0,0.0,0.0,0.0,0.0,2339995648.0,0.2896157980381599,1194102784.0,2465.9752968240523,0.0,0.0,15.900700451296,25294127.0,0.0,0.0,166008.0,1921.084626851548,0.0,0.0,17.467436135176314,20045073.0,0.0,0.0,185961.0,1625105891
